"a","and","the","hello","car","dog"
27.3212019082905,53.3418061238632,74.6963647212206,88.6143879633611,96.4527187996839,101.030378598534
28.6287571616138,54.5269763293593,72.3593828084566,87.1041155389485,98.9519531015017,101.064438834074
27.7985466667742,52.2324301072983,71.535039064442,88.4145802906957,97.7438930200392,100.544537893556
28.6948695580618,54.4081603119937,72.7723156043804,86.107281698072,97.0775357595652,100.916363443186
28.8442310729697,52.2820115955638,72.9861939830224,86.548949575302,96.3320104645644,100.829720291202
28.4099282986615,53.1204457329541,72.7869909149277,88.9898865018436,97.015252617292,99.4184266881882
27.747447366087,52.7766754309915,74.0153479242669,87.6210964893161,98.510945749088,99.8287105436407
26.3647232657576,51.5971715015613,73.5094785291498,87.0515331114523,99.4996962269845,99.7776698312715
28.6986025053309,52.3944116043855,72.7261538345721,88.3844020047076,100.282365127172,99.4777478455432
29.4380562322839,52.2342363658722,72.875557560795,87.2904856995003,98.3222548580501,101.539242319759
26.589639748026,51.6329044631475,72.5501786379988,86.5082484454904,98.4280738492302,99.4813728186283
25.5415316344354,54.1162140771422,73.728826869357,88.2349022554039,96.5136130375625,99.7538570351272
27.9056397916304,53.4155572011196,71.3824115333727,88.5034939198358,98.7150535221444,100.336211955429
28.9526831564207,54.9040445256226,74.9377640346945,89.4751523340353,98.8825868673628,99.7760468948033
27.038259145141,53.5731033941222,72.6807563965142,87.3888839187205,97.7696909155723,98.076150979086
26.1579450682556,53.8864319082035,72.690164416655,89.1159890277589,99.9899111795171,99.6230322671035
27.1891541456657,52.7390561297762,73.0528352412631,88.5960565876315,97.6802122369128,99.561358411384
28.0715598706285,52.8089542646785,72.4112242375399,87.2772752115605,97.5201596522649,99.9191381228036
28.0199763866489,54.5938768932255,74.1030442567364,87.9236311911966,98.2992651279524,99.8828555768207
29.6372889820727,51.8634216151953,72.7316711504808,88.158247946185,98.0810763356345,100.752135218642
25.8709362719434,52.8796048019668,73.3102691698204,89.5148899764989,96.8263063284983,99.1141582601133
26.8180101856502,51.7948962212545,73.7474010357659,86.8650037358493,97.6459795462397,99.3953942746278
26.7570966724387,51.4818981949112,74.4510675358694,88.1457950254834,98.7956369762746,98.5892880500709
27.5525719345547,52.7925976601228,72.7828266459825,88.8270143886789,98.7463021871538,98.4522964445254
28.007815811147,52.2297050882858,72.1245576376362,87.0172632544322,97.5786451003092,99.3499408534186
25.7559972126817,53.8548796092087,71.7909977709206,89.3598891200192,97.9586483987561,102.148475083792
28.0529429586627,52.8748210976292,72.1426448473139,87.6575037104363,97.3991685081944,100.306453854724
26.9127107107474,52.806186453312,72.9805137176697,88.2636149456874,98.8540785790929,99.3523351155986
26.0902180727895,52.4020510525122,72.6527595189807,88.7564669889509,98.9778594700316,98.4422397580079
27.3429390614528,54.4161676701566,72.2886110990858,89.5349850683361,99.4258796374203,102.060156892214
28.1533139658166,52.4239678261928,71.6051046194751,89.4337708505531,97.8678295738982,101.146809464456
26.8987223121082,52.6536806572499,72.9460843543336,88.4788549847364,97.8562649423786,100.378310406189
26.3175932902586,51.6379136442626,74.4654131188829,88.4046134259766,95.993662801666,100.266895316386
28.9512514661797,54.2064467636665,72.7957886819868,87.8543093064846,97.8401878824975,100.962925538671
26.8473304763796,52.5671470610506,72.6846900626134,86.7843829605271,97.6934651525199,100.054883824669
28.1880606283826,53.6796231209477,73.3643025256925,87.6508952324801,97.8921237212458,100.784436200103
27.5211462525071,52.7957807756446,73.3823636526704,88.4096830973984,97.9557246061562,100.743710980976
25.8868282424742,53.6567555282122,73.4906602749489,88.0818405200556,97.8688393613293,101.804462026587
26.784954318454,52.7123365176545,72.1209587900661,88.3232795261339,97.967325077792,99.1382992707752
26.8239601749268,53.2946152819945,71.8882499991807,88.0628988692618,97.9394678598136,99.8937995185074
27.6094680856206,53.1899926599493,72.5433371450925,87.276762428973,98.5694843084923,98.7061312849895
26.3961038971868,52.7798478396817,73.3613721306131,88.882587212716,97.4204282378231,100.588271270819
26.8723797108846,55.4122171010381,72.7518691745729,88.6590273525286,97.8214355375412,100.052371265105
27.3417227473601,53.0514910110006,72.6363089599036,88.6212080681918,95.7797816428236,100.549057343734
27.4590870783448,52.1215383146617,73.0271927816721,86.4006230168986,97.3272855197822,100.726167092441
26.1714551983417,54.8414449074168,73.8478085768721,87.0758567933446,100.925930568839,101.105244261473
27.9812546995464,53.4710050060494,73.5306912064952,88.7478992216073,99.541045109837,100.908281156065
28.0903261992308,52.9504035609832,71.2213332238578,87.5971472036525,100.85829277938,99.8519400900811
28.574594395341,52.0016601248917,71.7071588837295,87.4495042805122,97.1541603113979,101.231586180257
27.393295441602,53.8657117790161,73.9954974077243,88.446088850046,99.2350970775386,100.898878790158
28.1745576857161,54.2945179880917,73.1935550417668,89.227006193244,99.3138524496531,99.8822992551999
29.3098742292835,51.9721380159585,73.7934867194075,87.7042587431796,97.1737008914823,100.709456710688
27.1179564025359,53.9259318271955,70.9401090778529,86.5347511520045,97.641588158132,99.6063123966777
28.4340255817238,54.1249255791324,73.4412381931486,87.2691064716787,97.8821866999721,99.7218951781159
30.5403785154095,54.9909343576239,73.0244635134314,87.8147546949444,97.4370246012384,100.799286819034
26.3483920413152,53.3031615366198,71.6108638709787,86.0001055298544,98.1512393502786,100.99394405817
26.6556962411186,53.6349998136357,73.3729964704101,87.886292834021,98.5398917743794,98.3871138553135
26.4612080424303,53.1766832207085,72.9673488836264,88.9142608665186,99.2740385083298,99.603068455799
26.5450129981022,53.4923731465513,71.7905508719342,88.8642232383085,98.4404647346944,99.569357927279
27.7656397455199,51.4237572511588,71.9303159750114,89.2569371078003,98.5351767408449,100.721095253692
26.3153158320109,50.3129849854738,73.8728527804195,88.0449272849514,97.0044436367578,98.2541147095381
28.0180677026004,52.4845306993761,72.59628391532,88.7714352040891,98.1946350830133,100.291232919253
26.5827225188761,53.5269216081844,74.226132772978,87.41936085476,96.9123264350813,101.133587622244
27.1035783853126,52.8966913248425,73.8424575363949,88.289127427837,96.2529242445791,99.4165826224713
28.1913429727545,53.378270161219,74.1358401273506,88.438041969212,98.3202513945756,99.7767203231074
26.3969330095865,51.8590304768481,72.8706985774517,87.8860513100051,98.3120761123822,98.9093475614083
27.5597231951251,54.4703891512937,75.0025331046466,88.2186972074916,99.4751677464162,98.9215984720231
28.55108236808,52.5931186082232,72.0514426056511,89.22915867144,98.8005199343701,99.4544523431382
28.1977813517139,53.5854171516583,73.6507652164703,88.3555647729545,97.3849253572627,101.403623496972
28.5515404700783,53.8701367149251,73.9253815193584,86.5866744698514,98.1828859320419,99.6371377861176
28.6085822359343,53.0327346277668,73.0602083653235,87.6017334227454,97.6508854468891,99.4629709642138
28.0770842778199,52.4552863044174,72.433358195641,87.9856374884457,98.2174078657517,101.205202870971
26.8039029243499,52.7608663193901,72.9702918981935,90.9862324980802,98.0287508013032,101.271647278405
26.7930496757527,52.8759022792549,73.1188571882934,87.3752065475611,98.1858167296866,99.1487288224702
29.5661845648325,54.0631298469681,73.7572769016251,91.3508563981922,98.5128030241903,97.9320197665742
27.9702385641327,53.7460928337013,73.3980833377282,87.4887687973658,97.2620904574476,102.245566284587
30.4843567033887,53.6602461995914,73.8497440011935,88.3221906240204,99.4380108240001,99.7563805729905
28.3239920739288,52.3009884812199,73.2609998772453,89.7286227968007,97.5686046650818,99.5692561846126
27.6231226272365,53.6465368266017,74.3164586959519,88.8977967535878,97.4840585792659,99.7939515175998
26.5805317426757,53.7742298592141,72.3472195197245,88.6158266558934,98.0736134306835,99.7899244318961
27.8808145404774,53.174889453828,73.6267019156051,86.7722603088835,96.9642798868904,98.9978020779682
27.4765644984168,52.7629512875518,75.6696442842882,89.0905986178827,99.1478616820333,98.7966018528706
27.7270816489052,51.2418978799469,73.1772903616935,88.2427357070075,98.1646036788393,100.250705432926
26.9933547312918,54.269566440643,73.9105901622039,89.3883037466995,98.7429008672317,99.8166756204785
26.5173386540883,51.5335200281208,72.7339577173845,88.0991023587375,97.0153707308239,101.411808630609
27.9058059306864,52.1617569237212,72.9631837012867,88.3831570720872,96.8253635111611,100.015778828682
25.9189948239854,51.7704701990053,71.9760874720638,87.7866621287822,99.6563503889542,100.684838458285
28.7757685179073,51.0851193935954,71.8639944332337,88.0809430453174,97.7382233581536,99.0112669548924
27.3452789058807,53.2310877801221,72.8237336363078,88.2004965714565,98.7441284294841,98.5651428151207
26.5812776938808,53.1503916186564,72.6977462802743,88.2130740070122,98.2677286001089,100.7607747007
25.3193954447041,53.9538552020711,72.5688293198514,89.1376260866153,97.7827329254925,101.350860651647
27.8132370372666,51.9527574658053,73.4067739635453,88.8807654475293,98.0127401781155,101.269205017913
27.0010841942087,51.0707107966414,72.844068419105,88.4774198031007,98.9975488730744,99.1541446353476
29.2814638618226,51.6341758351901,73.6532754572534,87.1407030505552,97.5299756794281,100.587109779514
26.4557155252634,53.6235045739701,71.6244954375914,89.1183789786213,96.3627177599508,100.683344631366
29.2953061567187,53.1304457553191,71.8088106445187,86.4925848417806,96.007642393107,100.520112810248
28.6554208325242,52.8607662366845,73.8202895325254,89.2011569065121,97.4315369914085,101.351511343133
27.9116796017422,52.5272781059831,72.9833646044497,88.3356484250541,98.7492340823844,99.3338222742612
28.506741519441,53.9114567441853,73.1991827561036,89.0379507195967,98.5232924641055,98.7121562294551
28.973101993926,53.5425646951883,72.8331652998436,88.5312775574799,98.1776576179462,98.776252076782
26.6612843367364,52.2430350807062,72.5912021432876,89.1182923917911,98.0382550018267,99.5723669741326
29.3266999910147,52.5958522347268,73.7368584199466,88.6667780955063,96.6163897286541,99.6710129981387
29.1192756260217,53.8418019681559,73.8797494841609,88.4956513263864,99.6852972195472,100.41913499525
27.460672603622,52.2938130678359,70.6909502956227,89.1466372157063,97.8496970222552,99.2738001049547
26.847532051373,54.0842775349608,73.4702157416615,87.4023963772842,98.534163990248,100.317460682612
27.2458947389135,51.4403700650769,73.9440718514647,89.3877667133397,95.8940980784161,100.425602319813
27.1141531293301,52.6428818659092,72.5615256311262,89.4921634277084,98.1114056562774,100.536259454739
27.709082926394,52.9081445092952,73.9193084513512,87.5709003409568,98.1477920300386,102.071783356162
27.111823694975,52.1482912427622,73.8731157965135,85.6735881190493,97.3583240528848,100.285051327818
28.6696659423486,54.9236613755605,72.9844540483717,87.3439188517091,98.3166518694046,99.2507874703913
26.998986107603,52.7110308054247,73.309070538861,87.9114940840581,98.7193517684856,99.6887378753201
28.4468374620059,51.599886020149,71.9554213086853,88.4300761835703,97.7636321734669,103.140339224327
26.7751641350154,52.8187297180393,74.8187511697191,88.5722640396388,96.4910020214933,99.2245144577442
27.1225991495235,53.6556574053978,73.3673603471443,87.499909017302,97.2473034866958,97.02863856472
26.8931140592309,52.5301215289709,73.3259137686143,87.6272918405595,98.3330230121365,100.114913377502
28.4579958800751,50.6314109620479,74.1593345113912,87.8465633507991,98.3198440638947,99.564183023643
28.4061713712426,52.1011515250325,72.7705454464683,87.7510855567758,98.9251958896699,99.9011834542794
27.6889873960896,54.0317871417692,72.6253700356782,87.3593210791078,96.8899366894493,100.610101938269
28.9748416358043,52.2680461362857,74.2313553954036,86.5691547172024,95.7379872967576,100.63088762461
29.1744446871596,53.9883803406487,71.2571016972063,89.0214015099226,98.534569152492,102.335914992898
26.2174801353474,52.9646615792255,74.5374987217567,88.4262343734162,98.1955111047131,98.3241129988436
27.4422956694223,52.8410330309212,72.7838395336437,87.8329657347833,96.5651735971383,97.5085008035129
28.5248890600902,51.8861547969832,71.5994162635861,88.398458057509,97.03298379744,100.112830194831
28.7051588826209,53.7768479146369,72.5025831580123,87.3781349286307,98.3937000992588,99.8811401037878
25.0408896114999,52.0766167086048,73.1350570115157,88.4251226180869,97.8374599266146,101.458764629401
28.0360944638314,52.5111755639551,72.0940512534803,88.6626064492352,97.8800426430425,101.408241364058
26.1585650532712,52.3497858433603,73.2635581329419,87.7363293570464,98.3111254153289,100.036761558838
26.558252254675,53.7273854023485,72.8195990704284,88.2979505340232,98.9653077661651,100.479833294331
26.592019256833,53.6332427240926,72.2902712602078,89.4554083840743,97.982424316153,99.7783396990323
27.6033204688455,51.7592886573799,71.1079605990357,87.0406758255659,98.7658732361919,100.324536467807
27.58218873691,52.4033041016133,74.8117545189465,87.839418845838,98.9946245174487,98.394359056824
27.9096271124909,52.5997015970704,73.2197641716552,86.924839480013,99.0973029945494,100.535476456463
26.0854413872229,54.4533742287305,71.8776892791925,88.211632992281,96.6601584673234,99.1114519511111
28.937399336901,52.6848824654704,73.4842878587762,88.2920143431127,96.9804547219988,101.677183418329
27.1735210757656,52.8354065440143,71.2448689342567,86.3704920328346,98.084080573133,99.819001267479
27.4473439856157,52.490271494274,71.915817433314,89.0308641807779,96.8645009020173,100.032965253407
28.1702239896409,51.9622090960148,73.6004511411764,90.9684738439332,99.0169339589241,99.8251734462643
26.4493514781003,53.3388404285022,72.5772931926405,85.7082303818779,96.3454750294855,99.9822557038496
28.001474476309,52.5947785545402,72.9941268902433,87.9008444564739,98.1911812207686,101.379005974826
26.5542493321559,51.9144856098879,75.0416318543671,87.5084083737036,98.8754438364176,99.3037531702002
26.3433391896721,54.2562876918163,72.6346860982475,88.1787888583108,96.9942276802343,100.37368045135
27.1094644114373,52.1924263420708,73.4206860980119,87.9025470817465,97.5089772008832,99.9214601458119
27.2197744630073,53.7855253561554,73.1915903825391,88.0171043271552,97.1873523581808,99.5317035709564
29.221552002876,54.7622069657273,72.0285822247382,88.2370083745427,98.8643430295263,100.344258710428
27.4994045760771,51.1193839277546,72.4155888399135,89.1545622051534,97.5052529870583,100.179834854906
28.0914073108628,55.0415006738541,73.6781214335915,86.7832652295657,97.5612825355967,99.9650601573844
27.3634554861885,52.0520031517345,74.040707709401,88.9886295178026,99.5964782154333,97.8662290060585
28.5084919550884,53.3557696002359,73.5422455610928,86.3570690892987,97.3895356729387,100.53013079981
28.025114166122,52.8411802869836,74.2432232462206,88.1974658696032,97.4705512312317,99.8398436951894
26.3458091789809,53.9855214137981,73.6721352282744,88.8270351730753,97.4761948735908,100.998033102316
28.3693548419121,53.8372025553636,75.6225751386798,87.5595458038422,97.0549493186784,100.020340314059
27.4648422648603,51.739209910915,73.707363218194,88.7193175370065,97.9242086442738,98.7090150191749
28.3338772491604,54.4716300094723,73.0544693598269,87.610314580843,97.7082860559814,100.014789068704
27.4663417192129,52.6675425224838,72.5747164608535,88.4736939260136,97.2083094386695,101.204394918627
26.9372075149255,53.4698339959701,73.2644497482267,87.7719528613069,97.8045077240782,99.7732682396342
25.2029849022141,52.6740697917789,72.8653972171833,86.8343636696491,97.2142525702633,98.8032515645124
25.4352119389447,51.9455331869251,73.5983018767035,87.6641183906348,98.6998983220327,101.47264318387
28.0996869687244,54.5875926094792,72.8015105553507,88.4625684705486,96.8344165479571,98.6498824894952
26.7326679313215,52.9020768750195,72.4694050551471,88.2878177983983,97.6916760933613,100.63223235908
29.3339260694386,53.9633514503462,74.2969413498743,89.3536533923613,98.2281869423126,102.108268550687
27.399884904866,53.1815984965679,73.5687069153283,87.7758610363675,98.5829704674211,99.0768379467394
27.3784923276766,53.5698994728409,75.166345082245,87.8855050029211,99.8342649286149,100.108185482192
27.3001855629358,53.4915209262778,72.567904139414,87.8774502046777,98.6161033604152,100.176002953941
28.0788338563418,53.7994267065321,74.389474317579,87.6749596538209,96.1534081343655,100.418511911097
26.4873326492042,53.5541283863042,72.6958936762462,87.4694393183717,98.0477640239089,100.434032393825
27.6093619895037,51.7320060614621,73.2146085911489,89.7051189236915,98.8186970308723,100.45067799561
28.7001925255907,53.623860820834,73.6963891671635,86.7219857111644,98.7570200860012,100.514635381266
27.11162935095,53.1854360250403,73.5120972978022,88.0148034873102,98.3804879417724,101.285127345217
27.4089166988043,54.3888632287173,76.4319803694273,86.8942821829735,98.8752774088538,98.5127214327866
28.0079547888736,50.6069691674385,74.5444136825036,86.5801494770477,98.8295105666116,100.195417794657
26.9174757662803,53.7162473596935,72.2352469693084,87.4594017773195,98.3265431014289,100.116729012907
26.9007243847419,51.875690527947,75.5503091952076,88.4058122978327,99.25356916234,99.9786522601331
27.2215447719838,52.6278305907538,75.526948838275,86.9431041580527,99.1681150524566,99.6778516695418
26.2698785642137,53.3560627928865,72.5709899370746,88.3403518162327,97.5980088343615,100.39574112041
27.2540846505947,52.0996678160485,73.520523362226,86.7893043944867,96.5100840363129,100.079821765882
26.9145594619167,52.2046115531353,74.4204252318038,89.6335865710023,97.7409625950108,100.956648031279
27.6127488508668,55.190259698328,72.5651865256308,86.9374029830958,97.8572814464877,100.547929003908
28.8737317583948,54.0257133602597,72.7841538472779,88.1913051893387,98.9899225867472,98.8795342794677
27.4135854535054,52.7112173383195,72.4447161492235,86.5684654911421,98.2715318016847,100.433987029354
27.252966338071,53.4098726874615,72.850838243419,88.8735492194783,98.1437777389891,99.7418651097736
26.2635726112984,52.3979231293459,73.3459797686188,87.2406635215297,98.9554118962322,99.5860447261573
28.3913200198042,54.1948883977258,72.4097269504542,86.9040355416142,97.3225183680435,100.64080727241
27.8200086379935,53.0462589985421,73.6235622571969,86.1432659557329,98.6646656310242,97.145778071457
25.1450190047129,51.5432606282855,75.3262300345241,87.6339479003074,97.7905124288003,99.3526942623017
26.1318161036945,53.8764067224852,71.6921835919707,86.7346649686875,97.865158710721,101.803170340373
27.6895708200979,51.6715074049584,73.5324599284444,89.0791288561047,96.9848708564396,100.824540456748
27.1509684713622,52.8719430875411,72.4513330710473,87.9078700923588,96.8392572120318,98.4279733306351
27.7331966171797,54.5087721392173,73.2049062810917,87.9125583834075,98.9305013372669,98.9435391768728
30.2523928815959,53.0927393938223,73.0763445917655,88.9322138854331,97.5290827839047,100.480798659211
26.3591788552974,52.9148761610213,73.881871428468,88.041656244337,96.254494301246,102.501282988217
28.3836248165233,53.5452463648942,71.3639660657131,88.0908036203911,97.5155599320813,101.08731053063
26.8262326573208,52.9927302365572,71.261521020117,86.6831636718258,99.1989120522415,98.393607341238
26.1839797562138,52.9422125098381,74.0438973306204,87.0701777484693,99.7538270252276,101.333723614291
27.9248499671182,53.0159682430437,71.2506504784527,88.3869313418267,98.6673513522282,100.082700772723
27.3481505245949,52.8235658460833,72.728470155499,87.6083546514945,97.3623989987044,101.307809421029
27.5620610075905,53.439296512359,73.822006666933,87.7787382594623,98.3999872892145,100.828197959261
28.5240151054162,53.6698939974779,72.9467739519892,88.2115499427026,98.6772277215936,100.055841765545
25.8116877231961,53.1137154286198,72.470670143993,88.6266738352717,96.8464663744337,97.7576108901585
28.1151832076429,52.6969554097589,72.2721321445716,87.1807720926588,98.8648209841544,99.6617979640897
26.8445347279004,52.177586250161,72.8320849619974,88.2928774640493,97.6612464909611,99.2852586230535
28.586537535371,53.6778859495807,72.9172923764269,87.1278939534962,97.7941298901735,99.4833246534567
26.1040102613313,53.8423891211768,74.6373220919068,85.8055389096723,98.2159645317989,99.6855906622873
27.2193653989761,52.4320996277798,72.8234903637225,88.2886737865958,98.2922437816309,99.0075146814812
27.8175071865551,53.7756281975043,71.9354073081485,88.1690964773284,97.0410264708379,99.6331699807203
27.8006448530634,52.7397250330009,72.9926006758653,88.4877662025598,98.1935360712993,98.5070543297556
26.8833466323104,52.2195172265867,72.5009938730517,87.7093279616989,97.2303693518387,100.229182394143
27.4404292972939,53.4110267352114,72.8445962305189,87.6323056987714,98.7743789338651,100.577440719699
27.6556813565329,53.8676178701329,72.1436788239091,88.0336037579589,96.6006501534224,99.4392562981175
26.55183350946,53.184025831164,73.2411343156796,88.3757631486272,99.0636954088295,98.613561224619
25.6302215436913,52.1933516344992,73.3117436352479,87.6678943460804,99.0407387937197,101.383803228063
27.2749737717993,51.883120194267,73.4404795711586,89.1479031440097,97.5670844823772,99.1283070274004
28.5822226607172,52.8031794675321,73.1203458202603,88.2372792710302,98.5918696863067,98.9004219449025
26.8550246296563,52.3796333353542,74.1134057718369,89.2092508468365,97.4771133323196,100.189560618781
25.7627375455453,53.8224261096959,71.4696506283986,87.9687458225106,97.3580594107622,101.158460611288
27.4812166463185,53.7500621264091,75.8089507142185,88.4395438765171,99.2347581956571,100.384254360437
27.8753253971482,53.7405127217461,72.7189387796904,87.417784023309,95.7928904699934,100.945628624197
26.7686293662686,53.6396237792457,73.890915135893,86.947992104577,98.1657727034906,98.4658463817563
29.4276187714791,52.4748388492593,73.9619617460427,90.3296367527851,98.1953526727512,99.9794794842548
26.137037528609,54.3046789374826,72.8257050657314,88.3122166994234,97.4796977837149,99.46770965897
28.1451108483682,54.8478705740245,72.1226490022607,87.7615310691958,100.628401311442,100.896781349619
27.6118936817293,53.8124480795849,73.1607848885608,88.9883016434484,99.517684641568,98.0346834292943
29.8456952593608,52.0797889266496,72.6967387427505,88.3967951620241,98.2484092000824,100.476951670721
26.9340279078184,51.4063561055761,72.6889134906377,88.3952701102346,97.6410603129161,100.950203317013
25.544695660177,52.1911479474792,70.8997100070708,88.4894527972982,100.894926698394,99.6637489452802
27.4338207245746,53.2920216293964,73.4666354552172,88.147488295738,99.662955054452,99.9779279837946
27.604123658879,53.2841360342213,73.6403988667522,89.2419344151312,97.6085616968813,98.812216022192
28.4840407554427,53.76354354965,72.1077092274908,89.9888351311288,98.4791390592983,100.022197142405
28.1297852652125,52.1588055242012,73.6935031638112,87.8191858454858,97.7564944331166,98.7380486376112
26.6245830026603,53.6007972265958,70.4354095143017,89.7491378772454,98.9935398357158,100.564011680847
29.4687683812187,52.6661975229976,73.0965004104171,89.1622528780454,96.3662534233096,100.184710806438
27.8773029548542,54.2057112120517,74.7930601166214,88.7422785373458,98.9304259074203,100.58387317966
30.4227113504983,52.9534350508487,71.073807837467,88.8122424900654,97.3409831367193,99.8421623619281
28.1563016928762,52.6422040631975,73.2125756059521,87.5277035760895,97.6979665983698,100.208679799236
27.5627384237159,52.9661176951082,73.352340089032,85.8159510720945,98.2067601268319,101.644455363248
29.2431737881582,50.9577843958307,71.8282118327579,87.1635573537838,97.124037638044,99.9707810072942
28.463451252301,53.4229078371836,71.0205516261788,89.7352844972704,99.143463777402,100.846525930525
26.8295959436936,53.7999318854879,74.3987986766484,88.5266388223821,96.9314491841097,99.7480446105868
27.8282090146695,52.4026300892921,73.5512038945074,87.5940836046214,98.5651039849934,100.149547315788
27.221898712603,52.415249436203,72.9560924979891,87.8925722497426,97.2420317530997,99.5968036093536
27.4894012506946,52.0724647786804,73.8676071668894,88.5633665550207,98.0897287525195,99.2121218125511
27.6655883112124,55.3942387839116,74.2948257663573,87.7349238404133,97.3867221318356,99.9357880732662
26.1533646163677,53.2051516120134,72.7870993378286,89.0461160409531,96.8372957074179,99.1287929739328
28.1634658510382,52.2853483104752,72.1291482169453,88.5789893502217,98.7317696203287,101.253661399043
29.3690564786383,54.2022204670636,71.2306201005841,88.6673210898015,97.6854686003682,101.008100088252
26.7001110046919,51.7313024846088,72.6113352826428,87.3891867563963,98.0464557613967,101.064976612658
27.6603335262285,54.3680178537168,73.0147320266885,87.2519478737209,98.9766879807694,100.911436720502
29.2674350189962,51.6352306874931,74.3302737627646,89.1568322130885,95.7144684903405,100.752565771063
27.8906561842699,52.5736810818499,73.0606777282421,88.7041238117928,96.8189607913483,99.3172599274406
27.4378392280736,52.4600415817955,73.3097027284731,88.1193866721512,97.0822413858731,100.703124583437
28.2422171230584,52.2893467463624,74.4656371134438,88.5780657166686,98.0568645896276,100.540184951462
28.8873672471191,52.3404673919364,69.491391073159,86.2576543130566,106.290900706988,101.427363004456
29.0820983113758,48.4952858878642,69.5368908839752,85.4081824919396,100.408700868243,98.3480891640536
28.6417921863227,54.9839869402606,71.4007344498659,86.6597975016071,101.279010946196,101.705763974294
25.4000685907535,50.9079161761591,72.0707482433969,86.5092196304631,101.203654780716,95.194090624884
25.0920999458987,55.5261838519131,68.611174357127,91.6034699255034,98.4741645366119,87.2281723262805
29.6527294622172,54.5794315659003,63.5743294566877,95.5121512890368,101.12226480121,94.9415687004549
27.2154683127702,60.7163047059466,69.4978575340911,88.0641024904491,88.1134234683389,100.98690110809
34.2062679349062,52.9366767790513,72.2622532725945,91.7730566103688,100.249441473632,102.884027414952
28.3728582183972,51.1166999192308,67.4192784724343,81.4947978023018,98.4854946683952,109.44313995282
24.0676069238423,47.9837560624333,74.8263528848666,99.3862391900269,97.5342506503383,104.714269533623
28.1925892632889,51.3740439594111,69.9321612520415,79.9555792030759,100.245803176663,99.4982978444914
37.3382044240617,49.3994464995316,70.8575665002644,85.2823615698455,104.43570741992,102.646616913647
27.5450648751723,52.9725916707086,79.5167579971194,92.7105072844549,104.428564061325,101.299831255987
32.7072857438631,56.8335366211768,69.9312769028938,82.4840631103953,108.480451748874,94.1278089112535
27.3061554475798,48.0064966707262,67.1791941633728,85.282432922133,91.7233626247968,103.284141997829
39.3570311052769,53.7787970855599,74.8708192440451,89.5392345639337,101.350637018074,101.973587670921
21.062440569445,55.7551279057988,74.781599002171,85.8733379942693,87.4303971352416,95.6077148262567
18.2473207311696,49.0457509187679,74.1359103384247,85.5107592485598,99.0980058275673,99.1125879237188
26.9036160829599,59.0900004854853,67.2032211519578,85.2845436835695,104.080418576986,108.556087695757
20.0939531945053,54.7131020206088,62.1946715514014,92.2856879902615,97.1512873462845,106.358453477268
30.6055223790892,54.5056229029326,64.222227231581,85.7136801496514,101.698524171426,97.6571350757524
29.5625008766793,51.0651167039733,82.1707012203277,91.2295149525623,95.1666245143726,102.025063615591
28.3915918235725,49.3314842723537,71.0689153406197,89.7904346554453,104.68304554465,95.1085835936957
32.6020826132831,50.8834823091977,62.1851767276984,89.3397647060038,94.2659256903292,103.114053827317
27.3564581546942,47.69124858755,69.2299053507501,87.0501372162681,90.6594171375104,99.521744231363
24.4189029508431,53.9555272435562,70.8597085764431,93.9930365403842,102.52421258249,97.5434105956491
26.5546465751413,40.3957895030439,73.6468183175728,84.5110737774027,104.095807595749,103.270521696818
32.8601502244836,46.4738366593309,72.2319757871828,83.334795410889,101.03567298812,97.8841368018911
26.4126219602549,46.4368639886038,74.5902574881851,89.571834339153,98.3546992887325,103.539443944225
34.4267279511613,56.8358161325334,67.4757083398219,84.256244639587,100.098245073653,93.394769021767
24.6888739390807,61.362005111389,71.4900118786114,92.3764233160881,93.1647431899677,90.7836793116466
31.8339785641816,62.5845236654791,79.0781158870487,82.1074975260557,102.621749433302,103.110111457159
29.3197675132835,50.1615189065691,68.1923775308071,94.9821982359259,92.7895674601989,103.968682767771
27.5265426888683,53.8093503859944,71.2037108679621,90.2994689183949,94.6524839245737,101.722577531367
32.5858517484568,60.2986381778071,63.3916226583413,80.5757181718989,104.153056966347,91.3465521187541
23.3751180335602,57.6605444157396,65.3175274566386,86.6582157313683,101.026980854512,103.652589007606
28.9152538587054,52.7090636903806,72.3723837614528,93.3384147926978,106.177227403756,102.890585173087
23.971222418354,48.3881389770298,73.9519239333741,83.4924529033353,99.1628319464512,93.062607876129
29.8503822155759,51.5085085262484,69.4345608860537,88.2001733379116,98.0586219375728,107.115481057167
27.2117969043011,47.5560090039919,82.5581316505719,83.7136391547567,99.3403712009389,103.544420398956
19.3030741055367,47.2861361701805,70.3939444676599,88.2258279886961,98.0718442965789,104.732854533614
36.1490253333914,55.7810557315354,77.9977572264309,88.1130804757997,96.516834791496,102.459770625612
21.7329040042157,56.8862873588185,72.8276776790489,86.395229729957,102.364447434443,96.642377008202
33.3462199222509,55.9827975615315,66.6990872263741,81.6409791254035,103.45048338197,95.1010916237617
26.0935192953959,44.9030983006547,78.0963575509722,87.0358262473535,102.505496141202,95.991367684518
27.6380285483836,54.376615657636,72.526847278318,84.6404792161153,93.0334293403173,106.695514153678
29.9194560813926,43.8761525151525,72.8840070162026,76.2880236011049,95.6163509389073,96.1073908149261
31.0425193653592,55.6469766304185,76.738803936411,92.1772292425826,98.4688493300517,98.4897262759684
22.6896434580987,58.0078379454691,75.9240783222929,86.350980287171,90.7252638023823,97.3976885842299
22.5566739517523,55.0767304609594,79.0782375023942,87.4970706407481,98.3795060051713,102.590200261354
30.7341631465034,53.1715511975415,69.1738450555081,92.4831812399983,90.1285755096816,97.0678219408875
17.1177460867331,55.9806844576242,77.0797594253776,82.5118653097641,102.021076512602,99.6362350963933
25.7054842693099,48.7100482168603,74.4750678449662,84.9459702541499,103.068435415851,99.2086701102576
27.4549378129035,55.4238783849266,70.9187699438719,81.0818136461989,98.6828597044819,99.0831818175847
25.048953655971,46.7057892700324,63.0745331584708,90.5315188553467,82.704096857937,106.069710772593
29.2705635009435,56.0382722968305,69.564531062029,83.6924326410873,94.5010746753662,105.505954951008
33.6025120126438,50.6385251380973,68.1159922557697,90.5839284825596,104.520972362978,96.5209499108726
27.5742303172604,51.1604506302026,73.9462437214157,93.5070226537884,96.4227948124727,100.136440481741
27.1277874971607,44.3349472521312,65.1854029757436,91.5080758893113,87.2779347750125,97.3584272426304
31.7758923898113,49.3431401311509,68.640889768561,83.69924094433,92.1548063128656,96.2179482948337
32.7022652331732,55.096543653596,65.9489973770631,83.7421577198034,95.1115779212809,98.8012260493831
27.2377077488096,57.2896857833292,68.2868091814101,85.4675702267486,92.3065803465836,106.124190371185
31.416247175457,53.2360760521183,78.1915361623467,87.1695851381434,104.51594960448,93.926855764682
29.9752178440374,53.4978980306163,72.6188979896154,92.4607118228216,99.944757203542,102.742393208637
26.8692886372423,62.4639401937993,75.3025851256267,87.5634501093682,97.3820737019546,91.2413313653397
19.4016855340285,56.2038383554016,74.4692240327394,89.358926367686,91.7681174971512,86.2412137431101
24.1081948360288,53.6482105475514,70.6554747384635,83.1121863172707,92.1816438514393,111.204518995289
25.1089174578779,52.5194599566038,73.8633731947212,86.5522801716127,96.5187008817141,102.372367896906
31.3956215032064,57.6378152255313,69.6164728340513,90.2581107025738,94.399503223631,102.6253276532
30.9917893620417,57.4082360737604,74.1024738841469,85.2813926145474,101.837038504496,94.3944083048758
28.9320248504833,50.5251464946791,62.1053796710278,79.9745812848087,99.3406297295341,103.051128937
27.2339659588464,60.5842224301124,71.9176163886523,82.581798162887,104.818241608121,101.066832428371
15.6874607323579,47.5719319779247,63.5690337803244,91.7839815783183,93.8262661618722,104.928970256154
25.7814169159676,41.3962301210745,71.4746389026925,81.2342386777304,91.3096919657542,93.206009824379
27.8024275242729,53.5348723975999,72.6769896468802,93.2844946678613,105.992367200801,108.000497521894
28.6484435600278,59.7426134022128,70.6717035227026,89.9440501901469,92.3041237105791,99.6457499361567
28.7061269765009,47.2630374638193,78.0736171268816,89.1295255845008,105.653875239814,100.507072526598
24.9866316214761,57.5177252587874,70.4505275676086,80.5922147881306,103.75512029841,99.1295458275254
23.4904952355476,55.4354349657825,76.0957367341051,85.0035678176301,95.89547746836,99.7875127238006
22.9708098931647,55.833907779866,74.6259913898109,89.0750030621331,100.491073481099,99.8053069649891
26.111687252825,55.1683377203701,77.1717087182908,75.3305964274052,99.763923713625,87.2937715507865
30.7264206652881,54.182045601948,77.0092748368545,86.006763191933,104.24356594206,101.948246816725
26.7460680214056,54.1771675648855,68.6133800428426,85.2311567022239,103.439219229881,108.209346855016
28.5993711807666,50.1636062044466,74.8090702190383,82.6419980445698,99.6674403796361,104.517025913274
32.1513590754866,51.137768798246,79.0192916230083,87.585393400735,88.781973443328,102.53569797753
22.9478187336877,54.383788894334,75.1984151196748,94.5540514285445,98.0033910491172,103.147647572682
31.474824990033,58.0575845067389,60.6676280526477,96.0060390955468,101.680498089017,101.171472068478
15.1784601984524,46.4422064894378,68.1115351355047,83.8610272186873,99.4212837120248,94.130473087158
30.342967743746,55.0983622523236,79.699842493489,87.0987210668322,98.1700381643174,105.771138368041
32.0229014176036,59.7347224813516,66.1973155735757,85.287742653696,105.35317601051,105.341706550295
22.5435734488246,56.4621407376393,61.3577336879279,91.502587901255,102.485771972706,88.5345011098632
29.2321682576202,63.3578752514794,63.0296313409021,84.3968740025623,90.8408449520624,91.6014602723798
28.067320260036,49.7863700666175,67.5139702692675,94.28206132979,95.0921224191312,91.6192726944876
33.89507498058,50.7612700391882,75.1931984902491,89.4985364425965,104.529468582199,105.942829037115
30.8694924985108,53.3520114397773,76.2708128686715,88.4174735228884,93.1109329459852,97.1399490761895
35.1619319452841,46.9736323846052,79.7928533932288,88.9239557133595,99.2303460238067,99.7826469661275
23.3418179202068,58.1115143898295,74.5174087337193,93.9085491014457,98.7089569813842,92.4212399522356
33.6615866697748,56.2654341233397,71.5231859609907,79.9095907195606,97.48630602388,105.58232203318
25.9178776337167,52.3385908858919,64.2530868330245,90.1404449773479,99.8414575397554,106.144053126617
28.1691327731417,53.5477840179064,69.5948914338523,82.9526727595945,99.3424674260172,102.971181716371
31.8647526552393,45.8146278022139,81.069858601472,89.8301160988194,94.1435980703934,95.0683909808717
21.5354534369411,59.0030960070743,72.11178021964,84.3804752438078,97.5902234242487,100.85190135335
32.2570718604566,49.5987478315644,79.840397592879,82.1165693377632,98.4680855099309,101.467002378885
28.8492588917771,55.1681289789854,66.7980179229955,85.0663337984844,96.6794869861546,98.5535069665326
28.3312867257452,52.4210849749554,64.7200021168468,86.3041404957442,95.0155259346544,102.64534021643
25.5900357635128,52.0593064499006,77.1126765140439,91.6506381939889,91.2622808908464,97.0433972851128
24.5311863309678,55.4838959704464,75.2661728425735,87.6236008647826,96.2266497979044,105.287612106053
24.2619466321141,45.2002491581064,77.7993026755453,97.0909521210157,93.674888794585,96.0971480607502
27.0089955286164,50.8311543181263,72.5051630728436,88.9093468117637,98.6858053640495,102.432183075485
27.3400541663467,55.8321890009175,81.6971073616054,84.4116916391039,106.593166525246,89.3143150819795
25.3441215963662,47.1101229082279,71.6542142610455,89.6985074772418,108.997263797202,98.1251452785542
31.4579487834105,61.0867653455519,71.1636134714756,79.6029694571805,100.359467505922,97.5034573389737
28.9245751875185,49.5064530226196,80.2142025399699,86.460051700437,104.941051812927,104.448907874092
28.2495153413593,50.9477479514649,73.4802416895315,89.2109112858114,102.681930985634,97.4431117304306
34.8281210085727,57.6302065491477,76.8547338321012,89.5817968561045,95.9343613680928,97.8234703988106
28.4426394785997,49.4293218971562,72.5630640165447,91.1189686175805,98.5162769173378,95.9852412287802
34.5909912351011,43.7609861249034,79.6531040850199,89.7580198402723,97.132513938577,93.2497031559853
19.2635496637761,60.3520652249057,67.1711518270265,92.4458143507882,101.292432771576,102.445485304696
30.5612877530093,50.0621475299131,66.9096515742439,87.2313040309954,93.4649501951023,104.368982192513
40.3522996843845,42.6236316519023,74.3559655863225,99.0892008485689,96.1149152674727,93.4581547028804
33.7374106675279,41.5678587775514,70.1355655000532,78.9553517044147,98.2859260906786,103.695749038075
29.7291136105152,57.9760010573472,76.5661768362646,84.9278911735005,96.5694376968841,91.2023537356445
26.6366619276537,54.8622941351092,74.6979624708308,83.62037057625,98.2943373884056,98.7473488184554
27.1823684900019,51.8398141035226,67.8934616901262,84.4651233777963,105.000012776373,107.692830962109
25.9952128618331,54.2268457545899,74.6347110716913,95.315349594519,99.912759140031,99.4574206604173
31.29011725502,51.1659475420663,68.3094520596644,85.013867588792,104.537391351501,106.476451488727
20.8297842007951,52.3836372240294,63.8620967556354,91.6436908054175,92.3785192625652,99.7522275043759
19.5417455871866,62.640604000354,76.5376268148999,87.528759000479,95.8649562749159,103.190363975233
28.5108975158751,56.8930838391695,66.7763598730335,89.1940925702547,93.4686343411347,100.030941319819
25.549711979686,48.2808917853031,75.8340208304959,85.7882619319988,97.220964037135,107.571393901452
31.542596318614,45.6549159166173,68.8433995287844,87.5917239382267,99.9019962872091,95.5863040213968
19.0360018515465,58.561258335438,78.137243156479,92.1735835793619,105.002911239022,96.0976843398624
31.4668648772822,56.8122107907577,78.8191844647773,80.5636854147489,98.1014009077701,85.4647692875273
27.0031707511737,50.2362987349093,83.5377434898132,87.3067693009284,95.3080397925336,103.153781626235
25.5006660816105,71.144041010271,66.5789258333726,86.6814950362864,102.775550403494,100.595193997023
28.4292549458654,51.1634029221726,74.1429342813346,88.2330623228704,101.213519377417,95.441023878504
30.6458295558346,51.1836091887088,73.2963542187034,88.527925528875,105.547956298909,94.7125028576089
29.4650527538484,47.5136743982561,76.6078948708872,91.2636330920439,91.166169071355,108.626586891561
39.9460043609694,52.697326963521,69.8278661880785,89.7721347121546,89.9817400739256,96.5738223988847
31.504443984405,51.7984671889223,73.3467603736121,91.0608381122364,102.132412850032,91.8671023573372
26.2041453108728,46.5372674114578,75.344971162423,87.0558383852201,87.3919929363001,94.6339413234351
24.0155317879201,57.6904452441779,69.255293285524,86.0826750880211,102.691632535989,97.8492259805246
22.5632454234555,58.0118679212771,87.670390752071,86.6719399818634,97.8192489196786,100.000937315585
40.8676026883446,48.3667685473768,66.7810951412607,82.1332757760951,99.5254847696262,104.650897021023
25.9918726542387,50.6645994525607,84.6241334755183,91.2272466650482,97.8523938317211,94.2195482147277
27.5797191126789,49.5276619269437,67.7969178019158,92.2278340585782,103.267734679512,98.432498087706
36.3358548042006,52.2948579005056,78.0427942810163,92.8174604893226,103.517446964729,107.769900320016
18.7318342011778,55.1499653449784,68.1269988983056,81.4462157276689,102.197323872304,105.970174134861
39.5977131626365,56.2025737883555,66.6861873242468,88.3137060565001,93.7143862025552,92.919895064227
26.9107703343079,56.3852598113959,69.3394455429545,83.6866420585408,96.8835309539941,104.062274358649
28.0804422037083,49.8352226442716,81.4259923560509,85.1796738133578,108.988736036742,94.5609491206123
32.153280698558,50.3439475706717,74.7156106648395,85.3366598264688,94.2083176729003,100.651367666768
23.5156888168822,54.1860819167159,69.4590587356059,76.9356718226156,91.2821200171101,90.6777026876421
34.7428921908035,56.9400173654295,72.5202089563775,87.1017603943856,96.8317448363316,98.088961093821
36.7486435702116,54.9502234147017,75.4235004353964,92.0936063402645,95.751685544098,98.688409114689
27.7763764655069,53.9941802333349,64.0542440805303,90.1087901614254,96.8624121296015,98.9102581367497
32.9682169126767,47.9514765367482,79.7081323365124,96.6384128947991,93.1601983838715,99.2345141800771
30.1096348525398,50.1846399184221,79.5943092809392,83.1257772530066,102.514566232347,100.754407947436
27.3911338071513,52.9447828519216,68.1819464718924,85.5633270123782,104.269910169788,102.572015982024
15.4800280687243,59.6148200776182,72.8542221289923,82.8695384824749,103.050388072715,102.76920990261
31.904108294838,53.6770639252625,66.6558308929094,91.8851023690058,96.3885204886261,97.0497882521506
28.3883005735513,53.5035895269196,70.4830320274827,84.5316399948356,97.1790756326162,99.8818690654805
12.4368084810836,51.710293330066,74.4777490507331,91.6764623367444,99.7870360002626,95.156140820281
20.5521754658135,49.3999220043434,68.5805543878768,91.9409023870009,92.1557040287404,100.170792651978
26.411160680983,48.0146833383083,82.4927976330425,81.6104165513199,98.3385759491494,109.252751152572
32.6790583205019,45.7233560459761,67.8831607673547,83.9311507012369,90.5228324272818,91.3588384919744
27.2562486114116,48.8467360990267,86.5449598324106,80.8379320808621,101.972033238966,98.9497755609788
30.7009994105665,53.1168654891952,70.9714013363906,84.4349225865362,98.9078692366499,103.63280704593
26.6949075850104,48.9176948982745,73.3858205575195,85.6126942739547,94.0542997354514,91.7200011022618
26.1569663079661,53.8068727977021,79.981170148828,95.3946355561096,88.1001239140488,95.6095820395363
27.0303203088094,47.5772207761765,78.0967463483528,88.8196118806156,107.254086569978,99.9480696711843
35.2417407445022,50.7143158645188,72.8396901803631,92.1277459206432,100.472731249585,98.4514296291359
34.0846491714766,59.2326459109908,71.4581372197813,92.3396315441032,98.8550594214146,101.102953929004
28.1482404519023,51.6806656061859,65.2789387874368,84.8479185796771,95.4187298711428,97.2435533733994
28.4358580841754,48.7534864632754,70.2879324887842,91.2824230955609,103.189269154357,96.5577024489281
29.2705439681896,51.2174856045976,73.8271445453846,87.8601684831565,96.3868686486957,97.4379104149806
25.4158127323223,60.9371055087649,74.7682670789944,80.8548686950712,91.2393010614333,101.722810800263
29.934993812244,52.2315036225658,82.2617743868158,93.4299454376936,95.7217668600243,105.201575064932
31.675840896547,55.9155095386655,73.5510597616039,94.7151253944119,97.0249700469743,97.6504246533081
23.8319923350598,51.4083866069667,70.5629785485299,91.4781827076491,87.1370084137039,95.5080756034011
36.9702800070034,47.9260061570652,59.3580560408043,83.6175746799667,107.725011979753,92.2465713590661
29.472386157451,60.57113697052,72.2226886200959,86.5031647104598,102.21425774968,95.9565547169448
23.5884910550508,54.2513404766989,76.110705243626,82.1636127219414,101.819274648006,97.6720293128597
20.7830414766717,58.200171454478,71.3927002498608,85.7870833206825,98.303249758044,99.1939339423669
39.2246420407677,48.8672664517327,76.3843375634042,100.598111981446,100.500060898737,95.8215465315183
22.5608538033516,48.9195456777428,73.8266316230223,89.4239721568668,99.2683471303099,100.804105995343
32.1056042877437,51.996451337779,75.5785229354543,82.1941127799565,100.033243841685,97.9325924473162
35.1720311035413,58.1332462434744,73.7055745466393,85.8168762355707,102.422818381252,97.7614723535811
18.087124937109,56.3409245978517,70.9863453932795,92.2943680267639,97.7833657053835,99.3096205007259
27.5814006866884,54.180813593942,72.5416844202907,85.1961013344729,91.1103992754928,112.301705173208
28.4067096465399,58.8560629859276,69.5074540550862,81.9034109503572,100.949703543629,101.164930612417
27.6357943494481,48.974459649226,72.7427663623759,95.1578070072317,103.402202348611,93.7918075271668
19.0625244133366,54.4943808807754,72.6364978993639,87.3637593726021,95.7431026964628,106.925382373196
24.7326217239063,55.7878021270315,76.4769812215781,80.0090373892701,90.2812372334832,109.481266617919
22.2410664968155,59.1340827890174,66.6238118342746,83.6243970108723,104.606242180037,100.876935223573
14.6217457113817,55.8885870555907,74.6394743179412,83.768575345116,91.9386411541112,103.400128602613
28.6570609244762,48.857267526885,81.6765378158356,89.9217096316082,96.4870853989302,95.9032815225165
31.9230477521457,51.2437356928176,67.2456562967904,87.2319356694473,93.1032086652586,107.47221182014
21.5386382392304,56.612162188914,79.7504177607775,86.4736817684695,89.1584565368107,99.7536416276764
20.7826228745037,55.8780469435078,73.5441986542568,89.9183261397886,100.271523585369,102.918621689305
30.5724720853953,61.84723011268,72.6498714115066,84.2647656832106,103.613445842595,102.151507865729
24.1161534588994,62.3252558417444,68.0158827586014,89.5873539757471,97.6372828927591,105.393031201546
32.9417510705367,44.7643029854045,85.0979186318294,88.9245050066965,102.09391379277,98.5828354826677
24.4841232783135,51.116373491283,70.5426643796117,91.4056180118814,100.703632486641,104.54557142741
20.5429512744158,51.4631258557466,76.4277963704113,91.2234345841116,88.0853607964404,98.1924304936571
27.9502282735889,57.5340353659916,75.5895778170563,78.3041331780528,93.6543219534009,94.8503218163782
29.0214624662521,50.4572081005692,77.9115333349552,88.6514725461916,95.5312524324699,94.3655379065658
27.1663806896357,52.4000925612222,80.361845666821,86.6091735949175,95.6960574174511,99.3835061832469
35.2593868593681,48.2657270209224,68.8594103087428,85.0281772755997,93.359857572314,101.268429941115
33.749319454906,56.1108715065981,68.5224648484201,81.1847742638196,98.2375275377287,107.439523955119
17.9431798120098,48.9892497822233,70.5521331243324,90.2489067852725,95.4125530550594,99.3190234410853
26.2925501402333,53.366931144644,69.7812636948552,86.627253943099,93.8630060879535,105.773542199401
27.1885913510651,53.6461160440066,84.3249602013098,88.2211137499346,107.010871120272,95.178335362332
20.9748186648574,51.7881508689836,83.6962260229087,87.1717524632274,98.7426982877941,100.136447825214
31.6754685447694,52.9202991847851,73.7917750341091,82.7561687146384,107.200883021948,95.9698549758744
27.7770705727689,45.677357134525,69.4448327205798,87.0580414152074,111.431395165471,101.381118283737
23.3571275682653,52.4885066552231,65.7929895922197,87.1489807088693,90.7106782619158,97.7301489789328
27.9153568332408,50.0555177792813,71.5235198015341,84.7909037716207,87.9390038310175,100.603115566444
21.2077303724239,44.2970134583483,66.0970730010281,80.4543988520662,97.8964015303292,101.962175763538
35.5939492151133,49.0289030429496,67.7531477060762,93.430326510709,98.0802162973775,102.278948557773
25.1338441114613,59.6267495001067,72.6063463991839,81.4954054973866,91.5519717252935,98.2707098823107
23.1123502159199,59.8406398359275,70.6710234323463,85.0498780351714,95.4622865388177,90.6546385420324
28.3801147929106,53.591936370524,73.7885944055229,90.4000917694129,98.128373319148,105.742917256451
22.1709398368276,64.9499388834777,77.0833486499881,96.5015573425742,93.1794755213716,104.735915229311
31.4948520451086,52.7012563294116,76.9802773956634,85.7850763099107,99.5870991650653,99.8080316446542
20.0717153244388,52.1439933541826,69.5611959407465,89.0237420256002,96.6944682574201,84.9119455849219
38.578662686339,57.5676771629532,72.8732519842705,85.0566635531154,96.3563549243501,99.9217328323942
37.8820479585388,51.1761705974826,74.2701306283938,86.0713473184785,96.5819899674576,101.587324748091
33.5302990972143,52.6175126455844,72.0644697543916,97.4221585618268,95.1314304646353,97.3867802389941
23.6541587308387,46.6989935635345,76.2057238312577,82.0259088388161,101.198425239873,104.934734439564
32.2712162759173,53.7465088996763,68.9804262500445,82.0849005682514,102.219349458674,98.0970431895931
26.425848733275,60.4489743267732,71.8458816851379,85.538603285912,94.8506134210855,92.437375177575
33.1934478760638,55.6513445683014,67.9431801559493,89.3595155590583,91.5816399630046,106.864991458394
24.6590702882461,55.8955070572642,76.3780952873665,94.0616143112897,98.9164815563045,99.3108357542435
30.1377381843603,53.4991392067238,74.2771005213104,93.3646870169995,93.710534901509,100.772845966896
31.7309004297811,59.3954426883622,72.917218203634,80.7522022940479,100.088524293668,96.20829891959
20.8097493368838,50.3894180400607,80.2336084196263,86.8562396035848,97.0068610377195,105.966184485979
22.0537401949958,47.9898473690497,84.821104059685,99.2535536239373,108.548860401664,92.3339985388072
23.4633176678736,53.9677747700871,75.3466569981969,82.6643231875624,93.8018737967992,107.617324418281
20.1942373657463,51.2845967337942,79.0348284095586,86.7303703406225,97.3506557724807,107.928635045498
31.3869963263749,53.8165762901943,73.8143896086881,81.6704184510003,100.511565533463,103.89584638686
30.0879549720331,47.4437090615978,74.6145078990626,89.2553115764132,95.2218116262653,93.4814697336648
35.7731881532283,57.4101169829567,72.2660061673263,88.7723233683068,91.9054066257737,112.3289797995
35.2379137969262,57.0984142791942,65.0426607645864,90.956349098253,91.0762491270679,94.7262510556005
32.3450690653235,45.2621028321932,76.3501410164463,85.3841139505052,106.321840282748,109.710827807289
30.4386939699703,56.5049797513229,75.9582248716559,86.146877951057,98.2638710103373,107.348513334994
20.3265549241628,50.4490037109662,76.5869914346732,87.3393280162622,106.223361010109,105.330402797181
29.8892125109304,57.3364699537146,76.0779164062621,93.8645160714992,96.5907131614686,94.8691703450997
25.7540474012359,53.0214468972792,72.6465985703105,86.5222181671855,106.417355780525,102.523778241936
24.932895578547,56.9099717156915,71.3580701037276,94.539450175382,96.2004941168166,98.0603576502435
